"Timestamp","Check","Result","Details"
"2026-07-17T07:01:13","B2.1 repository prerequisite","PASS","Repository HEAD: e6b87c1bc8106eed5bf5352f921906d3d814aef7"
"2026-07-17T07:01:13","Tracked working tree clean","PASS","No tracked modifications are present before B2.2."
"2026-07-17T07:01:13","GitHub origin","PASS","https://github.com/CPParthasarathy/SQD.git"
"2026-07-17T07:01:13","B2.2 work branch","PASS","docs/b2.2-governance"
"2026-07-17T07:01:13","Source-control policy","PASS","D:\OneDrive\SQD\docs\phase-b\B2.2_Source_Control_and_Versioning_Policy.md"
"2026-07-17T07:01:13","Contributor workflow","PASS","CONTRIBUTING.md"
"2026-07-17T07:01:13","Pull-request template","PASS","D:\OneDrive\SQD\.github\pull_request_template.md"
"2026-07-17T07:01:13","Ownership and commit template","PASS","CODEOWNERS and repository-local Git governance settings installed."
"2026-07-17T07:01:13","Version and changelog baseline","PASS","VERSION=0.1.0-dev.0"
"2026-07-17T07:01:13","GitHub configuration checklist","PASS","GitHub configuration and evidence checklist created."
"2026-07-17T07:01:13","Release-notes configuration","PASS",".github/release.yml"
"2026-07-17T07:01:13","Required B2.2 files","PASS","11 required B2.2 files verified."
"2026-07-17T07:01:13","Git status capture","PASS","Review, stage and commit the displayed B2.2 change set."
